{"ssid":"foo","password":"bar","levels":[{"time":540,"power":51,"c":[1044,1044,1044,1566,1211]},{"time":720,"power":37,"c":[758,758,758,758,758]},{"time":1439,"power":100,"c":[4054,4054,4095,2227,3030]}],"override":{"channels":{"enabled":false,"values":[56.25,2175.46875,89.375,3148.03125,0]}},"time":[12,32,5]}